Syntax highlighting with language autodetection in PHP.

-------------------------------------------------------------------------------

Current maintainer(s):

    Vladimir Jimenez <me@allejo.io>

Former maintainers:

    Geert Bergman (original author) <geert@scrivo.nl>

Contributor(s):

    Carsten Brandt <mail@cebe.cc>
    Daniel Lynge
    Daniel Gómez Pan <pana_1990@hotmail.com>
    Martin Folkers <hello@twobrain.io>

-------------------------------------------------------------------------------

highlight.js (the reference project)

Current core developers (alphabetical):

    Gidi Meir Morris <gidi@gidi.io>
    Jan T. Sott <git@idleberg.com>
    Josh Goebel <hello@joshgoebel.com>
    Li Xuanji <xuanji@gmail.com>
    Marcos Cáceres <marcos@marcosc.com>
    Sang Dang <sang.dang@polku.io>

Former maintainers:

    Ivan Sagalaev (original author) <maniac@softwaremaniacs.org>
    Jeremy Hull <sourdrums@gmail.com>
    Oleg Efimov <efimovov@gmail.com>

-------------------------------------------------------------------------------

Language and style definitions (copied from the highlight.js project)

    Aahan Krish <geekpanth3r@gmail.com>
    Adam Joseph Cook <adam.joseph.cook@gmail.com>
    Ahmad Awais <me@AhmadAwais.com>
    Alberto Gimeno <gimenete@gmail.com>
    Alejandro Isaza <al@isaza.ca>
    Aleksandar Ruzicic <aleksandar@ruzicic.info>
    Alex Arslan <ararslan@comcast.net>
    Alex McKibben <alex@nullscope.net>
    Alexander Lichter <manniL@gmx.net>
    Alexander Makarov <sam@rmcreative.ru>
    Alexander Marenin <great_muchacho@mail.ru>
    Alexander Myadzel <myadzel@gmail.com>
    Alexis Hénaut <alexis@henaut.net>
    Andres Täht <andres.taht@gmail.com>
    Andrew Farmer <ahfarmer@gmail.com>
    Andrew Fedorov <dmmdrs@mail.ru>
    Andrey Vlasovskikh <andrey.vlasovskikh@gmail.com>
    Angel G. Olloqui <angelgarcia.mail@gmail.com>
    Anthony Dugois <dev.anthonydugois@gmail.com>
    Anthony Scemama <scemama@irsamc.ups-tlse.fr>
    Antoine Boisier-Michaud <aboisiermichaud@gmail.com>
    Anton Kochkov <anton.kochkov@gmail.com>
    Anton Kovalyov <anton@kovalyov.net>
    Antono Vasiljev <self@antono.info>
    Arctic Ice Studio <development@arcticicestudio.com>
    Arthur Bikmullin <devolonter@gmail.com>
    Benjamin Auder <benjamin.auder@gmail.com>
    Benjamin Pannell <contact@sierrasoftworks.com>
    Billy Quith <chinbillybilbo@gmail.com>
    Boone Severson <boone.severson@gmail.com>
    Boris Cherny <boris@performancejs.com>
    Bram de Haan <info@atelierbramdehaan.nl>
    Brendan Rocks <rocks.brendan@gmail.com>
    Brent Bradbury <brent@brentium.com>
    Brian Beck <exogen@gmail.com>
    Brian Quistorff <bquistorff@gmail.com>
    Bruno Dias <bruno.r.dias@gmail.com>
    Bryant Williams <b.n.williams@gmail.com>
    Builder's Brewery <buildersbrewery@gmail.com>
    Camil Staps <info@camilstaps.nl>
    Carl Baxter <carl@cbax.tech>
    Carlo Kok <ck@remobjects.com>
    Casey Duncan <casey.duncan@gmail.com>
    Cedric Sohrauer <sohrauer@googlemail.com>
    Chris Eidhof <chris@eidhof.nl>
    Chris Kiehl <audionautic@gmail.com>
    Christophe de Dinechin <christophe@taodyne.com>
    Christopher Kaster <ikasoki@gmail.com>
    Cédric Néhémie <cedric.nehemie@gmail.com>
    Damian Mee <mee.damian@gmail.com>
    Damien White <damien.white@visoftinc.com>
    Dan Allen <dan.j.allen@gmail.com>
    Dan Panzarella <alsoelp@gmail.com>
    Dan Tao <daniel.tao@gmail.com>
    Daniel Gamage <hellodanielgamage@gmail.com>
    Daniel Kvasnicka <dkvasnicka@vendavo.com>
    Daniel Rosenwasser <DanielRosenwasser@users.noreply.github.com>
    David Anson <david@dlaa.me>
    David Mohundro <david@mohundro.com>
    Denis Bardadym <bardadymchik@gmail.com>
    Denis Ciccale <dciccale@gmail.com>
    Dennis Titze <dennis.titze@gmail.com>
    Dirk Kirsten <dk@basex.org>
    Dmitri Roudakov <dmitri@roudakov.ru>
    Dmitriy Tarasov <dimatar@gmail.com>
    Dmitry Kovega <arhibot@gmail.com>
    Dmitry Medvinsky <me@dmedvinsky.name>
    Dmytrii Nagirniak <dnagir@gmail.com>
    Domen Kožar <domen@dev.si>
    Dotan Dimet <dotan@corky.net>
    Dr. Drang <drdrang@gmail.com>
    Duncan Paterson <duncan@exist-db.org>
    Edwin Dalorzo <edwin@dalorzo.org>
    Egor Rogov <e.rogov@postgrespro.ru>
    Eric Bailey <eric.w.bailey@gmail.com>
    Eric Knibbe <eric@lassosoft.com>
    Erik Osheim <d_m@plastic-idolatry.com>
    Erik Paluka <erik.paluka@gmail.com>
    Eugene Nizhibitsky <nizhibitsky@gmail.com>
    Evgeny Stepanischev <imbolk@gmail.com>
    Flaviu Tamas <tamas.flaviu@gmail.com>
    G8t Guy <g8tguy@g8tguy.com>
    Gavin Siu <gavsiu@gmail.com>
    Google Inc. (David Benjamin) <davidben@google.com>
    Greg Cline <gregrcline@gmail.com>
    Gu Yiling <justice360@gmail.com>
    Guannan Wei <guannanwei@outlook.com>
    Guillaume Gomez <guillaume1.gomez@gmail.com>
    Guillaume Laforge <glaforge@gmail.com>
    Gustavo Costa <gusbemacbe@gmail.com>
    Hakan Özler <ozler.hakan@gmail.com>
    Hale Chan <halechan@qq.com>
    Harmon <Harmon.Public@gmail.com>
    Heiko August <post@auge8472.de>
    Henrik Feldt <henrik@haf.se>
    Herbert Shin <initbar@protonmail.ch>
    Igor Kalnitsky <igor@kalnitsky.org>
    Ike Ku <dempfi@yahoo.com>
    Ilya Baryshev <baryshev@gmail.com>
    Ilya Vassilevsky <vassilevsky@gmail.com>
    innocenat <innocenat@gmail.com>
    Ivan Dementev <ivan_div@mail.ru>
    Jacob Childress <jacobc@gmail.com>
    Jan Berkel <jan.berkel@gmail.com>
    Jan Kühle <jkuehle90@gmail.com>
    Janis Voigtländer <janis.voigtlaender@gmail.com>
    Jason Diamond <jason@diamond.name>
    Jason Jacobson <jason.a.jacobson@gmail.com>
    Jason Tate <adminz@web-cms-designs.com>
    Jay Strybis <jay.strybis@gmail.com>
    Jeff Escalante <hello@jenius.me>
    Jeffrey Arnold <jeffrey.arnold@gmail.com>
    Jen Evers-Corvina <jen@sevvie.net>
    Joe Cheng <joe@rstudio.org>
    Joe Eli McIlvain <joe.eli.mac@gmail.org>
    John Crepezzi <john.crepezzi@gmail.com>
    John Foster <jfoster@esri.com>
    Jon Evans <jon@craftyjon.com>
    Jonas Follesø <jonas@follesoe.no>
    Jonathan Suever <suever@gmail.com>
    Jordi Petit <jordi.petit@gmail.com>
    Jose Molina Colmenero <gaudy41@gmail.com>
    Josh Adams <josh@isotope11.com>
    Joël Porquet <joel@porquet.org>
    JP Verkamp <me@jverkamp.com>
    Jun Yang <yangjvn@126.com>
    Kasper Andersen <kma_untrusted@protonmail.com>
    Kassio Borges <kassioborgesm@gmail.com>
    Kelley van Evert <kelleyvanevert@gmail.com>
    Kenneth Fuglsang <kfuglsang@gmail.com>
    Kenta Sato <bicycle1885@gmail.com>
    Kenton Hamaluik <kentonh@gmail.com>
    Kirk Kimmel <kimmel.k.programmer@gmail.com>
    Konstantin Evdokimenko <qewerty@gmail.com>
    Kristoffer Gronlund <kgronlund@suse.com>
    Kurt Emch <kurt@kurtemch.com>
    Ladislav Prskavec <ladislav@prskavec.net>
    Lars Schulna <kartoffelbrei.mit.muskatnuss@gmail.org>
    Laurent Voullemier <laurent.voullemier@gmail.com>
    Loren Segal <lsegal@soen.ca>
    Louis Barranqueiro <louis.barranqueiro@gmail.com>
    Lucas Mazza <lucastmazza@gmail.com>
    Lucas Werkmeister <mail@lucaswerkmeister.de>
    Luigi Maselli <grigio.org@gmail.com>
    Luke Holder <lukemh@gmail.com>
    Magnus Madsen <mmadsen@uwaterloo.ca>
    MajestiC <majestic2k@gmail.com>
    Manh Tuan <junookyo@gmail.com>
    Marc Fornos <marc.fornos@gmail.com>
    Martin Braun <martin.braun@ettus.com>
    Martin Clausen <martin.clausene@gmail.com>
    Martin Dilling-Hansen <martindlling@gmail.com>
    Marvin Saignat <contact@zgmrvn.com>
    Matt Diephouse <matt@diephouse.com>
    Matt Evans <matt@aptech.com>
    Matthew Daly <matthewbdaly@gmail.com>
    Max Mikhailov <seven.phases.max@gmail.com>
    Maxim Dikun <dikmax@gmail.com>
    Mehdi Dogguy <mehdi@dogguy.org>
    Melissa Geels <melissa@nimble.tools>
    Meseta <meseta@gmail.com>
    Michael Allen <Michael.Allen@benefitfocus.com>
    Michael Johnston <lastobelus@gmail.com>
    Michael Rodler <contact@f0rki.at>
    Michal Gabrukiewicz <mgabru@gmail.com>
    Mick MacCallum <micksmaccallum@gmail.com>
    Mickaël Delahaye <mickael.delahaye@gmail.com>
    Mikko Kouhia <mikko.kouhia@iki.fi>
    Morten Piibeleht <morten.piibeleht@gmail.com>
    mucaho <mkucko@gmail.com>
    MY Sun <simonmysun@gmail.com>
    Nate Cook <natecook@gmail.com>
    Nathan Grigg <nathan@nathanamy.org>
    Nebuleon Fumika <nebuleon.fumika@gmail.com>
    Nic West <nic@letolab.com>
    Nicholas Blumhardt <nblumhardt@nblumhardt.com>
    Nicolas Braud-Santoni <nicolas.braud-santoni@ens-cachan.fr>
    Nicolas Le Gall <contact@nlegall.fr>
    Nicolas LLOBERA <nllobera@gmail.com>
    Nikita Ledyaev <lenikita@yandex.ru>
    Nikita Savchenko <zitros.lab@gmail.com>
    Nikolay Lisienko <info@neor.ru>
    Nikolay Zakharov <nikolay.desh@gmail.com>
    noformnocontent <i@noformnocontent.com>
    Oleg Volchkov <oleg@volchkov.net>
    Panu Horsmalahti <panu.horsmalahti@iki.fi>
    Pascal Hurni <phi@ruby-reactive.org>
    Pedro Oliveira <kanytu@gmail.com>
    Peter Leonov <gojpeg@gmail.com>
    Peter Piwowarski <oldlaptop654@aol.com>
    Philipp A. <flying-sheep@web.de>
    Philipp Wolfer <ph.wolfer@gmail.com>
    Philippe Charrière <ph.charriere@gmail.com>
    Poren Chiang <ren.chiang@gmail.com>
    prince <MC.prince.0203@gmail.com>
    pumbur <pumbur@pumbur.net>
    Qeole <qeole@outlook.com>
    Radek Liska <radekliska@gmail.com>
    Raivo Laanemets <raivo@infdot.com>
    Ralf Bitter <rabit@revigniter.com>
    Raphaël Assénat <raph@raphnet.net>
    Raphaël Parrëe <rparree@edc4it.com>
    Rene Saarsoo <nene@triin.net>
    Robert Dodier <robert.dodier@gmail.com>
    Robin Ward <robin.ward@gmail.com>
    Roman Shmatov <romanshmatov@gmail.com>
    Ruslan Keba <rukeba@gmail.com>
    Sam Wu <samsam2310@gmail.com>
    Samia Ali <samiaab1990@gmail.com>
    Samuel Reed <sam@bitmex.com>
    Sean T. Allen <sean@monkeysnatchbanana.com>
    Sejin Jeon <jinaidy93@gmail.com>
    Seongwon Lee <dlimpid@gmail.com>
    Sergey Baranov <segyrn@yandex.ru>
    Sergey Bronnikov <sergeyb@bronevichok.ru>
    Sergey Ignatov <sergey@ignatov.spb.su>
    Sergey Mashkov <cy6erGn0m@gmail.com>
    Sergey Sobko <s.sobko@profitware.ru>
    Sergey Tikhomirov <sergey@tikhomirov.io>
    Sergey Vidyuk <svidyuk@gmail.com>
    Shuen-Huei Guan <drake.guan@gmail.com>
    Simon Madine <simon@angryrobotzombie.com>
    Stanislav Belov <stbelov@gmail.com>
    Stefan Bechert <stefan.bechert@gmx.net>
    Stefan Wienert <stwienert@gmail.com>
    Stefania Mellai <s.mellai@arduino.cc>
    Stephan Boyer <stephan@stephanboyer.com>
    Stephan Kountso <steplg@gmail.com>
    Sylvestre Ledru <sylvestre.ledru@scilab-enterprises.com>
    Søren Enevoldsen <senevoldsen90@gmail.com>
    Taif Alimov <inzeppelin@gmail.com>
    Taisuke Fujimoto <temp-impl@users.noreply.github.com>
    Taneli Vatanen <taneli.vatanen@gmail.com>
    Taras <oxdef@oxdef.info>
    Taufik Nurrohman <latitudu.latitudu@gmail.com>
    Thomas Applencourt <thomas.applencourt@irsamc.ups-tlse.fr>
    Thomas Reichel <tom.p.reichel@gmail.com>
    Tim Schumacher <tim@datenknoten.me>
    Travis Odom <travis.a.odom@gmail.com>
    Trey Shugart <treshugart@gmail.com>
    Tristano Ajmone <tajmone@gmail.com>
    Tristian Kelly <tristian.kelly560@gmail.com>
    Troy Kershaw <hello@troykershaw.com>
    Tsuyusato Kitsune <make.just.on@gmail.com>
    Vadimtro <vadimtro@yahoo.com>
    Vah <vahtenberg@gmail.com>
    Valerii Hiora <valerii.hiora@gmail.com>
    Vasily Mikhailitchenko <vaskas@programica.ru>
    Vasily Polovnyov <vast@whiteants.net>
    Victor Karamzin <Victor.Karamzin@enterra-inc.com>
    Victor Zhou <OiCMudkips@users.noreply.github.com>
    Vincent Zurczak <vzurczak@linagora.com>
    Vladimir Epifanov <voldmar@voldmar.ru>
    Vladimir Ermakov <vooon341@mail.ru>
    Vladimir Gubarkov <xonixx@gmail.com>
    Vladimir Moskva <vladmos@gmail.com>
    Vsevolod Solovyov <vsevolod.solovyov@gmail.com>
    Yoshihide Jimbo <yjimbo@gmail.com>
    Yuri Ivanov <ivanov@supersoft.ru>
    Yuri Mazursky <mail@colomolome.com>
    Yury Selivanov <yselivanov@gmail.com>
    Zaripov Yura <yur4ik7@ukr.net>
    Zaven Muradyan <megalivoithos@gmail.com>
    Zena Treep <zena.treep@gmail.com>
